Date,Close,Change,AVG
04/01/2017 16:00:00,62.3,-0.45,-0.4
05/01/2017 16:00:00,62.3,0,0
06/01/2017 16:00:00,62.84,0.87,0.8
09/01/2017 16:00:00,62.64,-0.32,-0.4
10/01/2017 16:00:00,62.62,-0.03,0
11/01/2017 16:00:00,63.19,0.91,1
12/01/2017 16:00:00,62.61,-0.92,-1
13/01/2017 16:00:00,62.7,0.14,0.2
17/01/2017 16:00:00,62.53,-0.27,-0.2
18/01/2017 16:00:00,62.5,-0.05,0
19/01/2017 16:00:00,62.3,-0.32,-0.4
20/01/2017 16:00:00,62.74,0.71,0.8
23/01/2017 16:00:00,62.96,0.35,0.4
24/01/2017 16:00:00,63.52,0.89,0.8
25/01/2017 16:00:00,63.68,0.25,0.2
26/01/2017 16:00:00,64.27,0.93,1
27/01/2017 16:00:00,65.78,2.35,2.4
30/01/2017 16:00:00,65.13,-0.99,-1
31/01/2017 16:00:00,64.65,-0.74,-0.8
01/02/2017 16:00:00,63.58,-1.66,-1.6
02/02/2017 16:00:00,63.17,-0.64,-0.6
03/02/2017 16:00:00,63.68,0.81,0.8
06/02/2017 16:00:00,63.64,-0.06,0
07/02/2017 16:00:00,63.43,-0.33,-0.4
08/02/2017 16:00:00,63.34,-0.14,-0.2
09/02/2017 16:00:00,64.06,1.14,1.2
10/02/2017 16:00:00,64,-0.09,0
13/02/2017 16:00:00,64.72,1.13,1.2
14/02/2017 16:00:00,64.57,-0.23,-0.2
15/02/2017 16:00:00,64.53,-0.06,0
16/02/2017 16:00:00,64.52,-0.02,0
17/02/2017 16:00:00,64.62,0.15,0.2
21/02/2017 16:00:00,64.49,-0.2,-0.2
22/02/2017 16:00:00,64.36,-0.2,-0.2
23/02/2017 16:00:00,64.62,0.4,0.4
24/02/2017 16:00:00,64.62,0,0
27/02/2017 16:00:00,64.23,-0.6,-0.6
28/02/2017 16:00:00,63.98,-0.39,-0.4
01/03/2017 16:00:00,64.94,1.5,1.6
02/03/2017 16:00:00,64.01,-1.43,-1.4
03/03/2017 16:00:00,64.25,0.37,0.4
06/03/2017 16:00:00,64.27,0.03,0
07/03/2017 16:00:00,64.4,0.2,0.2
08/03/2017 16:00:00,64.99,0.92,1
09/03/2017 16:00:00,64.73,-0.4,-0.4
10/03/2017 16:00:00,64.93,0.31,0.4
13/03/2017 16:00:00,64.71,-0.34,-0.4
14/03/2017 16:00:00,64.41,-0.46,-0.4
15/03/2017 16:00:00,64.75,0.53,0.6
16/03/2017 16:00:00,64.64,-0.17,-0.2
17/03/2017 16:00:00,64.87,0.36,0.4
20/03/2017 16:00:00,64.93,0.09,0
21/03/2017 16:00:00,64.21,-1.11,-1.2
22/03/2017 16:00:00,65.03,1.28,1.2
23/03/2017 16:00:00,64.87,-0.25,-0.2
24/03/2017 16:00:00,64.98,0.17,0.2
27/03/2017 16:00:00,65.1,0.18,0.2
28/03/2017 16:00:00,65.29,0.29,0.2
29/03/2017 16:00:00,65.47,0.28,0.2
30/03/2017 16:00:00,65.71,0.37,0.4
31/03/2017 16:00:00,65.86,0.23,0.2
03/04/2017 16:00:00,65.55,-0.47,-0.4
04/04/2017 16:00:00,65.73,0.27,0.2
05/04/2017 16:00:00,65.56,-0.26,-0.2
06/04/2017 16:00:00,65.73,0.26,0.2
07/04/2017 16:00:00,65.68,-0.08,0
10/04/2017 16:00:00,65.53,-0.23,-0.2
11/04/2017 16:00:00,65.48,-0.08,0
12/04/2017 16:00:00,65.23,-0.38,-0.4
13/04/2017 16:00:00,64.95,-0.43,-0.4
17/04/2017 16:00:00,65.48,0.82,0.8
18/04/2017 16:00:00,65.39,-0.14,-0.2
19/04/2017 16:00:00,65.04,-0.54,-0.6
20/04/2017 16:00:00,65.5,0.71,0.8
21/04/2017 16:00:00,66.4,1.37,1.4
24/04/2017 16:00:00,67.53,1.7,1.8
25/04/2017 16:00:00,67.92,0.58,0.6
26/04/2017 16:00:00,67.83,-0.13,-0.2
27/04/2017 16:00:00,68.27,0.65,0.6
28/04/2017 16:00:00,68.46,0.28,0.2
01/05/2017 16:00:00,69.41,1.39,1.4
02/05/2017 16:00:00,69.3,-0.16,-0.2
03/05/2017 16:00:00,69.08,-0.32,-0.4
04/05/2017 16:00:00,68.81,-0.39,-0.4
05/05/2017 16:00:00,69,0.28,0.2
08/05/2017 16:00:00,68.94,-0.09,0
09/05/2017 16:00:00,69.04,0.15,0.2
10/05/2017 16:00:00,69.31,0.39,0.4
11/05/2017 16:00:00,68.46,-1.23,-1.2
12/05/2017 16:00:00,68.38,-0.12,-0.2
15/05/2017 16:00:00,68.43,0.07,0
16/05/2017 16:00:00,69.41,1.43,1.4
17/05/2017 16:00:00,67.48,-2.78,-2.8
18/05/2017 16:00:00,67.71,0.34,0.4
19/05/2017 16:00:00,67.69,-0.03,0
22/05/2017 16:00:00,68.45,1.12,1.2
23/05/2017 16:00:00,68.68,0.34,0.4
24/05/2017 16:00:00,68.77,0.13,0.2
25/05/2017 16:00:00,69.62,1.24,1.2
26/05/2017 16:00:00,69.96,0.49,0.4
30/05/2017 16:00:00,70.41,0.64,0.6
31/05/2017 16:00:00,69.84,-0.81,-0.8
01/06/2017 16:00:00,70.1,0.37,0.4
02/06/2017 16:00:00,71.76,2.37,2.4
05/06/2017 16:00:00,72.28,0.72,0.8
06/06/2017 16:00:00,72.52,0.33,0.4
07/06/2017 16:00:00,72.39,-0.18,-0.2
08/06/2017 16:00:00,71.95,-0.61,-0.6
09/06/2017 16:00:00,70.32,-2.27,-2.2
12/06/2017 16:00:00,69.78,-0.77,-0.8
13/06/2017 16:00:00,70.65,1.25,1.2
14/06/2017 16:00:00,70.27,-0.54,-0.6
15/06/2017 16:00:00,69.9,-0.53,-0.6
16/06/2017 16:00:00,70,0.14,0.2
19/06/2017 16:00:00,70.87,1.24,1.2
20/06/2017 16:00:00,69.91,-1.35,-1.4
21/06/2017 16:00:00,70.27,0.51,0.6
22/06/2017 16:00:00,70.26,-0.01,0
23/06/2017 16:00:00,71.21,1.35,1.4
26/06/2017 16:00:00,70.53,-0.95,-1
27/06/2017 16:00:00,69.21,-1.87,-1.8
28/06/2017 16:00:00,69.8,0.85,0.8
29/06/2017 16:00:00,68.49,-1.88,-1.8
30/06/2017 16:00:00,68.93,0.64,0.6
03/07/2017 16:00:00,68.17,-1.1,-1.2
05/07/2017 16:00:00,69.08,1.33,1.4
06/07/2017 16:00:00,68.57,-0.74,-0.8
07/07/2017 16:00:00,69.46,1.3,1.2
10/07/2017 16:00:00,69.98,0.75,0.8
11/07/2017 16:00:00,69.99,0.01,0
12/07/2017 16:00:00,71.15,1.66,1.6
13/07/2017 16:00:00,71.77,0.87,0.8
14/07/2017 16:00:00,72.78,1.41,1.4
17/07/2017 16:00:00,73.35,0.78,0.8
18/07/2017 16:00:00,73.3,-0.07,0
19/07/2017 16:00:00,73.86,0.76,0.8
20/07/2017 16:00:00,74.22,0.49,0.4
21/07/2017 16:00:00,73.79,-0.58,-0.6
24/07/2017 16:00:00,73.6,-0.26,-0.2
25/07/2017 16:00:00,74.19,0.8,0.8
26/07/2017 16:00:00,74.05,-0.19,-0.2
27/07/2017 16:00:00,73.16,-1.2,-1.2
28/07/2017 16:00:00,73.04,-0.16,-0.2
31/07/2017 16:00:00,72.7,-0.47,-0.4
01/08/2017 16:00:00,72.58,-0.17,-0.2
02/08/2017 16:00:00,72.26,-0.44,-0.4
03/08/2017 16:00:00,72.15,-0.15,-0.2
04/08/2017 16:00:00,72.68,0.73,0.8
07/08/2017 16:00:00,72.4,-0.39,-0.4
08/08/2017 16:00:00,72.79,0.54,0.6
09/08/2017 16:00:00,72.47,-0.44,-0.4
10/08/2017 16:00:00,71.41,-1.46,-1.4
11/08/2017 16:00:00,72.5,1.53,1.6
14/08/2017 16:00:00,73.59,1.5,1.6
15/08/2017 16:00:00,73.22,-0.5,-0.6
16/08/2017 16:00:00,73.65,0.59,0.6
17/08/2017 16:00:00,72.4,-1.7,-1.6
18/08/2017 16:00:00,72.49,0.12,0.2
21/08/2017 16:00:00,72.15,-0.47,-0.4
22/08/2017 16:00:00,73.16,1.4,1.4
23/08/2017 16:00:00,72.72,-0.6,-0.6
24/08/2017 16:00:00,72.69,-0.04,0
25/08/2017 16:00:00,72.82,0.18,0.2
28/08/2017 16:00:00,72.83,0.01,0
29/08/2017 16:00:00,73.05,0.3,0.4
30/08/2017 16:00:00,74.01,1.31,1.4
31/08/2017 16:00:00,74.77,1.03,1
01/09/2017 16:00:00,73.94,-1.11,-1.2
05/09/2017 16:00:00,73.61,-0.45,-0.4
06/09/2017 16:00:00,73.4,-0.29,-0.2
07/09/2017 16:00:00,74.34,1.28,1.2
08/09/2017 16:00:00,73.98,-0.48,-0.4
11/09/2017 16:00:00,74.76,1.05,1
12/09/2017 16:00:00,74.68,-0.11,-0.2
13/09/2017 16:00:00,75.21,0.71,0.8
14/09/2017 16:00:00,74.77,-0.59,-0.6
15/09/2017 16:00:00,75.31,0.72,0.8
18/09/2017 16:00:00,75.16,-0.2,-0.2
19/09/2017 16:00:00,75.44,0.37,0.4
20/09/2017 16:00:00,74.94,-0.66,-0.6
21/09/2017 16:00:00,74.21,-0.97,-1
22/09/2017 16:00:00,74.41,0.27,0.2
25/09/2017 16:00:00,73.26,-1.55,-1.6
26/09/2017 16:00:00,73.26,0,0
27/09/2017 16:00:00,73.85,0.81,0.8
28/09/2017 16:00:00,73.87,0.03,0
29/09/2017 16:00:00,74.49,0.84,0.8
02/10/2017 16:00:00,74.61,0.16,0.2
03/10/2017 16:00:00,74.26,-0.47,-0.4
04/10/2017 16:00:00,74.69,0.58,0.6
05/10/2017 16:00:00,75.97,1.71,1.8
06/10/2017 16:00:00,76,0.04,0
09/10/2017 16:00:00,76.29,0.38,0.4
10/10/2017 16:00:00,76.29,0,0
11/10/2017 16:00:00,76.42,0.17,0.2
12/10/2017 16:00:00,77.12,0.92,1
13/10/2017 16:00:00,77.49,0.48,0.4
16/10/2017 16:00:00,77.65,0.21,0.2
17/10/2017 16:00:00,77.59,-0.08,0
18/10/2017 16:00:00,77.61,0.03,0
19/10/2017 16:00:00,77.91,0.39,0.4
20/10/2017 16:00:00,78.81,1.16,1.2
23/10/2017 16:00:00,78.83,0.03,0
24/10/2017 16:00:00,78.86,0.04,0
25/10/2017 16:00:00,78.63,-0.29,-0.2
26/10/2017 16:00:00,78.76,0.17,0.2
27/10/2017 16:00:00,83.81,6.41,6.4
30/10/2017 16:00:00,83.89,0.1,0
31/10/2017 16:00:00,83.18,-0.85,-0.8
01/11/2017 16:00:00,83.18,0,0
02/11/2017 16:00:00,84.05,1.05,1
03/11/2017 16:00:00,84.14,0.11,0.2
06/11/2017 16:00:00,84.47,0.39,0.4
07/11/2017 16:00:00,84.27,-0.24,-0.2
08/11/2017 16:00:00,84.56,0.34,0.4
09/11/2017 16:00:00,84.09,-0.56,-0.6
10/11/2017 16:00:00,83.87,-0.26,-0.2
13/11/2017 16:00:00,83.93,0.07,0
14/11/2017 16:00:00,84.05,0.14,0.2
15/11/2017 16:00:00,82.98,-1.27,-1.2
16/11/2017 16:00:00,83.2,0.27,0.2
17/11/2017 16:00:00,82.4,-0.96,-1
20/11/2017 16:00:00,82.53,0.16,0.2
21/11/2017 16:00:00,83.72,1.44,1.4
22/11/2017 16:00:00,83.11,-0.73,-0.8
24/11/2017 13:00:00,83.26,0.18,0.2
27/11/2017 16:00:00,83.87,0.73,0.8
28/11/2017 16:00:00,84.88,1.2,1.2
29/11/2017 16:00:00,83.34,-1.81,-1.8
30/11/2017 16:00:00,84.17,1,1
01/12/2017 16:00:00,84.26,0.11,0.2
04/12/2017 16:00:00,81.08,-3.77,-3.8
05/12/2017 16:00:00,81.59,0.63,0.6
06/12/2017 16:00:00,82.78,1.46,1.4
07/12/2017 16:00:00,82.49,-0.35,-0.4
08/12/2017 16:00:00,84.16,2.02,2
11/12/2017 16:00:00,85.23,1.27,1.2
12/12/2017 16:00:00,85.58,0.41,0.4
13/12/2017 16:00:00,85.35,-0.27,-0.2
14/12/2017 16:00:00,84.69,-0.77,-0.8
15/12/2017 16:00:00,86.85,2.55,2.6
18/12/2017 16:00:00,86.38,-0.54,-0.6
19/12/2017 16:00:00,85.83,-0.64,-0.6
20/12/2017 16:00:00,85.52,-0.36,-0.4
21/12/2017 16:00:00,85.5,-0.02,0
22/12/2017 16:00:00,85.51,0.01,0
26/12/2017 16:00:00,85.4,-0.13,-0.2
27/12/2017 16:00:00,85.71,0.36,0.4
28/12/2017 16:00:00,85.72,0.01,0
29/12/2017 16:00:00,85.54,-0.21,-0.2
02/01/2018 16:00:00,85.95,0.48,0.4
03/01/2018 16:00:00,86.35,0.47,0.4
04/01/2018 16:00:00,87.11,0.88,0.8
05/01/2018 16:00:00,88.19,1.24,1.2
08/01/2018 16:00:00,88.28,0.1,0.2
09/01/2018 16:00:00,88.22,-0.07,0
10/01/2018 16:00:00,87.82,-0.45,-0.4
11/01/2018 16:00:00,88.08,0.3,0.2
12/01/2018 16:00:00,89.6,1.73,1.8
16/01/2018 16:00:00,88.35,-1.4,-1.4
17/01/2018 16:00:00,90.14,2.03,2
18/01/2018 16:00:00,90.1,-0.04,0
19/01/2018 16:00:00,90,-0.11,-0.2
22/01/2018 16:00:00,91.61,1.79,1.8
23/01/2018 16:00:00,91.9,0.32,0.4
24/01/2018 16:00:00,91.82,-0.09,0
25/01/2018 16:00:00,92.33,0.56,0.6
26/01/2018 16:00:00,94.06,1.87,1.8
29/01/2018 16:00:00,93.92,-0.15,-0.2
30/01/2018 16:00:00,92.74,-1.26,-1.2
31/01/2018 16:00:00,95.01,2.45,2.4
01/02/2018 16:00:00,94.26,-0.79,-0.8
02/02/2018 16:00:00,91.78,-2.63,-2.6
05/02/2018 16:00:00,88,-4.12,-4.2
06/02/2018 16:00:00,91.33,3.78,3.8
07/02/2018 16:00:00,89.61,-1.88,-1.8
08/02/2018 16:00:00,85.01,-5.13,-5.2
09/02/2018 16:00:00,88.18,3.73,3.8
12/02/2018 16:00:00,89.13,1.08,1
13/02/2018 16:00:00,89.83,0.79,0.8
14/02/2018 16:00:00,90.81,1.09,1
15/02/2018 16:00:00,92.66,2.04,2
16/02/2018 16:00:00,92,-0.71,-0.8
20/02/2018 16:00:00,92.72,0.78,0.8
21/02/2018 16:00:00,91.49,-1.33,-1.4
22/02/2018 16:00:00,91.73,0.26,0.2
23/02/2018 16:00:00,94.06,2.54,2.6
26/02/2018 16:00:00,95.42,1.45,1.4
27/02/2018 16:00:00,94.2,-1.28,-1.2
28/02/2018 16:00:00,93.77,-0.46,-0.4
01/03/2018 16:00:00,92.85,-0.98,-1
02/03/2018 16:00:00,93.05,0.22,0.2
05/03/2018 16:00:00,93.64,0.63,0.6
06/03/2018 16:00:00,93.32,-0.34,-0.4
07/03/2018 16:00:00,93.86,0.58,0.6
08/03/2018 16:00:00,94.43,0.61,0.6
09/03/2018 16:00:00,96.54,2.23,2.2
12/03/2018 16:00:00,96.77,0.24,0.2
13/03/2018 16:00:00,94.41,-2.44,-2.4
14/03/2018 16:00:00,93.85,-0.59,-0.6
15/03/2018 16:00:00,94.18,0.35,0.4
16/03/2018 16:00:00,94.6,0.45,0.4
19/03/2018 16:00:00,92.89,-1.81,-1.8
20/03/2018 16:00:00,93.13,0.26,0.2
21/03/2018 16:00:00,92.48,-0.7,-0.6
22/03/2018 16:00:00,89.79,-2.91,-3
23/03/2018 16:00:00,87.18,-2.91,-3
26/03/2018 16:00:00,93.78,7.57,7.6
27/03/2018 16:00:00,89.47,-4.6,-4.6
28/03/2018 16:00:00,89.39,-0.09,0
29/03/2018 16:00:00,91.27,2.1,2.2
02/04/2018 16:00:00,88.52,-3.01,-3
03/04/2018 16:00:00,89.71,1.34,1.4
04/04/2018 16:00:00,92.33,2.92,3
05/04/2018 16:00:00,92.38,0.05,0
06/04/2018 16:00:00,90.23,-2.33,-2.4
09/04/2018 16:00:00,90.77,0.6,0.6
10/04/2018 16:00:00,92.88,2.32,2.4
11/04/2018 16:00:00,91.86,-1.1,-1
12/04/2018 16:00:00,93.58,1.87,1.8
13/04/2018 16:00:00,93.08,-0.53,-0.6
16/04/2018 16:00:00,94.17,1.17,1.2
17/04/2018 16:00:00,96.07,2.02,2
18/04/2018 16:00:00,96.44,0.39,0.4
19/04/2018 16:00:00,96.11,-0.34,-0.4
20/04/2018 16:00:00,95,-1.15,-1.2
23/04/2018 16:00:00,95.35,0.37,0.4
24/04/2018 16:00:00,93.12,-2.34,-2.4
25/04/2018 16:00:00,92.31,-0.87,-0.8
26/04/2018 16:00:00,94.26,2.11,2.2
27/04/2018 16:00:00,95.82,1.65,1.6
30/04/2018 16:00:00,93.52,-2.4,-2.4
01/05/2018 16:00:00,95,1.58,1.6
02/05/2018 16:00:00,93.51,-1.57,-1.6
03/05/2018 16:00:00,94.07,0.6,0.6
04/05/2018 16:00:00,95.16,1.16,1.2
07/05/2018 16:00:00,96.22,1.11,1.2
08/05/2018 16:00:00,95.81,-0.43,-0.4
09/05/2018 16:00:00,96.94,1.18,1.2
10/05/2018 16:00:00,97.91,1,1
11/05/2018 16:00:00,97.7,-0.21,-0.2
14/05/2018 16:00:00,98.03,0.34,0.4
15/05/2018 16:00:00,97.32,-0.72,-0.8
16/05/2018 16:00:00,97.15,-0.17,-0.2
17/05/2018 16:00:00,96.18,-1,-1
18/05/2018 16:00:00,96.36,0.19,0.2
21/05/2018 16:00:00,97.6,1.29,1.2
22/05/2018 16:00:00,97.5,-0.1,-0.2
23/05/2018 16:00:00,98.66,1.19,1.2
24/05/2018 16:00:00,98.31,-0.35,-0.4
25/05/2018 16:00:00,98.36,0.05,0
29/05/2018 16:00:00,98.01,-0.36,-0.4
30/05/2018 16:00:00,98.95,0.96,1
31/05/2018 16:00:00,98.84,-0.11,-0.2
01/06/2018 16:00:00,100.79,1.97,2
04/06/2018 16:00:00,101.67,0.87,0.8
05/06/2018 16:00:00,102.19,0.51,0.6
06/06/2018 16:00:00,102.49,0.29,0.2
07/06/2018 16:00:00,100.88,-1.57,-1.6
08/06/2018 16:00:00,101.63,0.74,0.8
11/06/2018 16:00:00,101.05,-0.57,-0.6
12/06/2018 16:00:00,101.31,0.26,0.2
13/06/2018 16:00:00,100.85,-0.45,-0.4
14/06/2018 16:00:00,101.42,0.57,0.6
15/06/2018 16:00:00,100.13,-1.27,-1.2
18/06/2018 16:00:00,100.86,0.73,0.8
19/06/2018 16:00:00,100.86,0,0
20/06/2018 16:00:00,101.87,1,1
21/06/2018 16:00:00,101.14,-0.72,-0.8
22/06/2018 16:00:00,100.41,-0.72,-0.8
25/06/2018 16:00:00,98.39,-2.01,-2
26/06/2018 16:00:00,99.08,0.7,0.8
27/06/2018 16:00:00,97.54,-1.55,-1.6
28/06/2018 16:00:00,98.63,1.12,1.2
29/06/2018 16:00:00,98.61,-0.02,0
02/07/2018 16:00:00,100.01,1.42,1.4
03/07/2018 13:00:00,99.05,-0.96,-1
05/07/2018 16:00:00,99.76,0.72,0.8
06/07/2018 16:00:00,101.16,1.4,1.4
09/07/2018 16:00:00,101.85,0.68,0.6
10/07/2018 16:00:00,102.12,0.27,0.2
11/07/2018 16:00:00,101.98,-0.14,-0.2
12/07/2018 16:00:00,104.19,2.17,2.2
13/07/2018 16:00:00,105.43,1.19,1.2
16/07/2018 16:00:00,104.91,-0.49,-0.4
17/07/2018 16:00:00,105.95,0.99,1
18/07/2018 16:00:00,105.12,-0.78,-0.8
19/07/2018 16:00:00,104.4,-0.68,-0.6
20/07/2018 16:00:00,106.27,1.79,1.8
23/07/2018 16:00:00,107.97,1.6,1.6
24/07/2018 16:00:00,107.66,-0.29,-0.2
25/07/2018 16:00:00,110.83,2.94,3
26/07/2018 16:00:00,109.62,-1.09,-1
27/07/2018 16:00:00,107.68,-1.77,-1.8
30/07/2018 16:00:00,105.37,-2.15,-2.2
31/07/2018 16:00:00,106.08,0.67,0.6
01/08/2018 16:00:00,106.28,0.19,0.2
02/08/2018 16:00:00,107.57,1.21,1.2
03/08/2018 16:00:00,108.04,0.44,0.4
06/08/2018 16:00:00,108.13,0.08,0
07/08/2018 16:00:00,108.88,0.69,0.6
08/08/2018 16:00:00,109.49,0.56,0.6
09/08/2018 16:00:00,109.67,0.16,0.2
10/08/2018 16:00:00,109,-0.61,-0.6
13/08/2018 16:00:00,108.21,-0.72,-0.8
14/08/2018 16:00:00,109.56,1.25,1.2
15/08/2018 16:00:00,107.66,-1.73,-1.8
16/08/2018 16:00:00,107.64,-0.02,0
17/08/2018 16:00:00,107.58,-0.06,0
20/08/2018 16:00:00,106.87,-0.66,-0.6
21/08/2018 16:00:00,105.98,-0.83,-0.8
22/08/2018 16:00:00,107.06,1.02,1
23/08/2018 16:00:00,107.56,0.47,0.4
24/08/2018 16:00:00,108.4,0.78,0.8
27/08/2018 16:00:00,109.6,1.11,1.2
28/08/2018 16:00:00,110.26,0.6,0.6
29/08/2018 16:00:00,112.02,1.6,1.6
30/08/2018 16:00:00,111.95,-0.06,0
31/08/2018 16:00:00,112.33,0.34,0.4
04/09/2018 16:00:00,111.71,-0.55,-0.6
05/09/2018 16:00:00,108.49,-2.88,-2.8
06/09/2018 16:00:00,108.74,0.23,0.2
07/09/2018 16:00:00,108.21,-0.49,-0.4
10/09/2018 16:00:00,109.38,1.08,1
11/09/2018 16:00:00,111.24,1.7,1.8
12/09/2018 16:00:00,111.71,0.42,0.4
13/09/2018 16:00:00,112.91,1.07,1
14/09/2018 16:00:00,113.37,0.41,0.4
17/09/2018 16:00:00,112.14,-1.08,-1
18/09/2018 16:00:00,113.21,0.95,1
19/09/2018 16:00:00,111.7,-1.33,-1.4
20/09/2018 16:00:00,113.57,1.67,1.6
21/09/2018 16:00:00,114.26,0.61,0.6
24/09/2018 16:00:00,114.67,0.36,0.4
25/09/2018 16:00:00,114.45,-0.19,-0.2
26/09/2018 16:00:00,113.98,-0.41,-0.4
27/09/2018 16:00:00,114.41,0.38,0.4
28/09/2018 16:00:00,114.37,-0.03,0
01/10/2018 16:00:00,115.61,1.08,1
02/10/2018 16:00:00,115.15,-0.4,-0.4
03/10/2018 16:00:00,115.17,0.02,0
04/10/2018 16:00:00,112.79,-2.07,-2
05/10/2018 16:00:00,112.13,-0.59,-0.6
08/10/2018 16:00:00,110.85,-1.14,-1.2
09/10/2018 16:00:00,112.26,1.27,1.2
10/10/2018 16:00:00,106.16,-5.43,-5.4
11/10/2018 16:00:00,105.91,-0.24,-0.2
12/10/2018 16:00:00,109.57,3.46,3.4
15/10/2018 16:00:00,107.6,-1.8,-1.8
16/10/2018 16:00:00,111,3.16,3.2
17/10/2018 16:00:00,110.71,-0.26,-0.2
18/10/2018 16:00:00,108.5,-2,-2
19/10/2018 16:00:00,108.66,0.15,0.2
22/10/2018 16:00:00,109.63,0.89,0.8
23/10/2018 16:00:00,108.1,-1.4,-1.4
24/10/2018 16:00:00,102.32,-5.35,-5.4
25/10/2018 16:00:00,108.3,5.84,5.8
26/10/2018 16:00:00,106.96,-1.24,-1.2
29/10/2018 16:00:00,103.85,-2.91,-3
30/10/2018 16:00:00,103.73,-0.12,-0.2
31/10/2018 16:00:00,106.81,2.97,3
01/11/2018 16:00:00,105.92,-0.83,-0.8
02/11/2018 16:00:00,106.16,0.23,0.2
05/11/2018 16:00:00,107.51,1.27,1.2
06/11/2018 16:00:00,107.72,0.2,0.2
07/11/2018 16:00:00,111.96,3.94,4
08/11/2018 16:00:00,111.75,-0.19,-0.2
09/11/2018 16:00:00,109.57,-1.95,-2
12/11/2018 16:00:00,106.87,-2.46,-2.4
13/11/2018 16:00:00,106.94,0.07,0
14/11/2018 16:00:00,104.97,-1.84,-1.8
15/11/2018 16:00:00,107.28,2.2,2.2
16/11/2018 16:00:00,108.29,0.94,1
19/11/2018 16:00:00,104.62,-3.39,-3.4
20/11/2018 16:00:00,101.71,-2.78,-2.8
21/11/2018 16:00:00,103.11,1.38,1.4
23/11/2018 13:00:00,103.07,-0.04,0
26/11/2018 16:00:00,106.47,3.3,3.2
27/11/2018 16:00:00,107.14,0.63,0.6
28/11/2018 16:00:00,111.12,3.71,3.8
29/11/2018 16:00:00,110.19,-0.84,-0.8
30/11/2018 16:00:00,110.89,0.64,0.6
03/12/2018 16:00:00,112.09,1.08,1
04/12/2018 16:00:00,108.52,-3.18,-3.2
06/12/2018 16:00:00,109.19,0.62,0.6
07/12/2018 16:00:00,104.82,-4,-4
10/12/2018 16:00:00,107.59,2.64,2.6
11/12/2018 16:00:00,108.59,0.93,1
12/12/2018 16:00:00,109.08,0.45,0.4
13/12/2018 16:00:00,109.45,0.34,0.4
14/12/2018 16:00:00,106.03,-3.12,-3.2
17/12/2018 16:00:00,102.89,-2.96,-3
18/12/2018 16:00:00,103.97,1.05,1
19/12/2018 16:00:00,103.69,-0.27,-0.2
20/12/2018 16:00:00,101.51,-2.1,-2.2
21/12/2018 16:00:00,98.23,-3.23,-3.2
24/12/2018 13:00:00,94.13,-4.17,-4.2
26/12/2018 16:00:00,100.56,6.83,6.8
27/12/2018 16:00:00,101.18,0.62,0.6
28/12/2018 16:00:00,100.39,-0.78,-0.8
31/12/2018 16:00:00,101.57,1.18,1.2
02/01/2019 16:00:00,101.12,-0.44,-0.4
03/01/2019 16:00:00,97.4,-3.68,-3.6
04/01/2019 16:00:00,101.93,4.65,4.6
07/01/2019 16:00:00,102.06,0.13,0.2
08/01/2019 16:00:00,102.8,0.73,0.8
09/01/2019 16:00:00,104.27,1.43,1.4
10/01/2019 16:00:00,103.6,-0.64,-0.6
11/01/2019 16:00:00,102.8,-0.77,-0.8
14/01/2019 16:00:00,102.05,-0.73,-0.8
15/01/2019 16:00:00,105.01,2.9,3
16/01/2019 16:00:00,105.38,0.35,0.4
17/01/2019 16:00:00,106.12,0.7,0.8
18/01/2019 16:00:00,107.71,1.5,1.4
22/01/2019 16:00:00,105.68,-1.88,-1.8
23/01/2019 16:00:00,106.71,0.97,1
24/01/2019 16:00:00,106.2,-0.48,-0.4
25/01/2019 16:00:00,107.17,0.91,1
28/01/2019 16:00:00,105.08,-1.95,-2
29/01/2019 16:00:00,102.94,-2.04,-2
30/01/2019 16:00:00,106.38,3.34,3.4
31/01/2019 16:00:00,104.43,-1.83,-1.8
01/02/2019 16:00:00,102.78,-1.58,-1.6
04/02/2019 16:00:00,105.74,2.88,2.8
05/02/2019 16:00:00,107.22,1.4,1.4
06/02/2019 16:00:00,106.03,-1.11,-1.2
07/02/2019 16:00:00,105.27,-0.72,-0.8
08/02/2019 16:00:00,105.67,0.38,0.4
11/02/2019 16:00:00,105.25,-0.4,-0.4
12/02/2019 16:00:00,106.89,1.56,1.6
13/02/2019 16:00:00,106.81,-0.07,0
14/02/2019 16:00:00,106.9,0.08,0
15/02/2019 16:00:00,108.22,1.23,1.2
19/02/2019 16:00:00,108.17,-0.05,0
20/02/2019 16:00:00,107.15,-0.94,-1
21/02/2019 16:00:00,109.41,2.11,2.2
22/02/2019 16:00:00,110.97,1.43,1.4
25/02/2019 16:00:00,111.59,0.56,0.6
26/02/2019 16:00:00,112.36,0.69,0.6
27/02/2019 16:00:00,112.17,-0.17,-0.2
28/02/2019 16:00:00,112.03,-0.12,-0.2
01/03/2019 16:00:00,112.53,0.45,0.4
04/03/2019 16:00:00,112.26,-0.24,-0.2
05/03/2019 16:00:00,111.7,-0.5,-0.4
06/03/2019 16:00:00,111.75,0.04,0
07/03/2019 16:00:00,110.39,-1.22,-1.2
08/03/2019 16:00:00,110.51,0.11,0.2
11/03/2019 16:00:00,112.83,2.1,2
12/03/2019 16:00:00,113.62,0.7,0.8
13/03/2019 16:00:00,114.5,0.77,0.8
14/03/2019 16:00:00,114.59,0.08,0
15/03/2019 16:00:00,115.91,1.15,1.2
18/03/2019 16:00:00,117.57,1.43,1.4
19/03/2019 16:00:00,117.65,0.07,0
20/03/2019 16:00:00,117.52,-0.11,-0.2
21/03/2019 16:00:00,120.22,2.3,2.2
22/03/2019 16:00:00,117.05,-2.64,-2.6
25/03/2019 16:00:00,117.66,0.52,0.6
26/03/2019 16:00:00,117.91,0.21,0.2
27/03/2019 16:00:00,116.77,-0.97,-1
28/03/2019 16:00:00,116.93,0.14,0.2
29/03/2019 16:00:00,117.94,0.86,0.8
01/04/2019 16:00:00,119.02,0.92,1
02/04/2019 16:00:00,119.19,0.14,0.2
03/04/2019 16:00:00,119.97,0.65,0.6
04/04/2019 16:00:00,119.36,-0.51,-0.6
05/04/2019 16:00:00,119.89,0.44,0.4
08/04/2019 16:00:00,119.93,0.03,0
09/04/2019 16:00:00,119.28,-0.54,-0.6
10/04/2019 16:00:00,120.19,0.76,0.8
11/04/2019 16:00:00,120.33,0.12,0.2
12/04/2019 16:00:00,120.95,0.52,0.6
15/04/2019 16:00:00,121.05,0.08,0
16/04/2019 16:00:00,120.77,-0.23,-0.2
17/04/2019 16:00:00,121.77,0.83,0.8
18/04/2019 16:00:00,123.37,1.31,1.4
22/04/2019 16:00:00,123.76,0.32,0.4
23/04/2019 16:00:00,125.44,1.36,1.4
24/04/2019 16:00:00,125.01,-0.34,-0.4
25/04/2019 16:00:00,129.15,3.31,3.4
26/04/2019 16:00:00,129.89,0.57,0.6
29/04/2019 16:00:00,129.77,-0.09,0
30/04/2019 16:00:00,130.6,0.64,0.6
01/05/2019 16:00:00,127.88,-2.08,-2
02/05/2019 16:00:00,126.21,-1.31,-1.4
03/05/2019 16:00:00,128.9,2.13,2.2
06/05/2019 16:00:00,128.15,-0.58,-0.6
07/05/2019 16:00:00,125.52,-2.05,-2
08/05/2019 16:00:00,125.51,-0.01,0
09/05/2019 16:00:00,125.5,-0.01,0
10/05/2019 16:00:00,127.13,1.3,1.2
13/05/2019 16:00:00,123.35,-2.97,-3
14/05/2019 16:00:00,124.73,1.12,1.2
15/05/2019 16:00:00,126.02,1.03,1
16/05/2019 16:00:00,128.93,2.31,2.4
17/05/2019 16:00:00,128.07,-0.67,-0.6
20/05/2019 16:00:00,126.22,-1.44,-1.4
21/05/2019 16:00:00,126.9,0.54,0.6
22/05/2019 16:00:00,127.67,0.61,0.6
23/05/2019 16:00:00,126.18,-1.17,-1.2
24/05/2019 16:00:00,126.24,0.05,0
28/05/2019 16:00:00,126.16,-0.06,0
29/05/2019 16:00:00,124.94,-0.97,-1
30/05/2019 16:00:00,125.73,0.63,0.6
31/05/2019 16:00:00,123.68,-1.63,-1.6
03/06/2019 16:00:00,119.84,-3.1,-3.2
04/06/2019 16:00:00,123.16,2.77,2.8
05/06/2019 16:00:00,125.83,2.17,2.2
06/06/2019 16:00:00,127.82,1.58,1.6
07/06/2019 16:00:00,131.4,2.8,2.8
10/06/2019 16:00:00,132.6,0.91,1
11/06/2019 16:00:00,132.1,-0.38,-0.4
12/06/2019 16:00:00,131.49,-0.46,-0.4
13/06/2019 16:00:00,132.32,0.63,0.6
14/06/2019 16:00:00,132.45,0.1,0
17/06/2019 16:00:00,132.85,0.3,0.4
18/06/2019 16:00:00,135.16,1.74,1.8
19/06/2019 16:00:00,135.69,0.39,0.4
20/06/2019 16:00:00,136.95,0.93,1
21/06/2019 16:00:00,136.97,0.01,0
24/06/2019 16:00:00,137.78,0.59,0.6
25/06/2019 16:00:00,133.43,-3.16,-3.2
26/06/2019 16:00:00,133.93,0.37,0.4
27/06/2019 16:00:00,134.15,0.16,0.2
28/06/2019 16:00:00,133.96,-0.14,-0.2
01/07/2019 16:00:00,135.68,1.28,1.2
02/07/2019 16:00:00,136.58,0.66,0.6
03/07/2019 13:00:00,137.46,0.64,0.6
05/07/2019 16:00:00,137.06,-0.29,-0.2
08/07/2019 16:00:00,136.96,-0.07,0
09/07/2019 16:00:00,136.46,-0.37,-0.4
10/07/2019 16:00:00,137.85,1.02,1
11/07/2019 16:00:00,138.4,0.4,0.4
12/07/2019 16:00:00,138.9,0.36,0.4
15/07/2019 16:00:00,138.9,0,0
16/07/2019 16:00:00,137.08,-1.31,-1.4
17/07/2019 16:00:00,136.27,-0.59,-0.6
18/07/2019 16:00:00,136.42,0.11,0.2
19/07/2019 16:00:00,136.62,0.15,0.2
22/07/2019 16:00:00,138.43,1.32,1.4
23/07/2019 16:00:00,139.29,0.62,0.6
24/07/2019 16:00:00,140.72,1.03,1
25/07/2019 16:00:00,140.19,-0.38,-0.4
26/07/2019 16:00:00,141.34,0.82,0.8
29/07/2019 16:00:00,141.03,-0.22,-0.2
30/07/2019 16:00:00,140.35,-0.48,-0.4
31/07/2019 16:00:00,136.27,-2.91,-3
01/08/2019 16:00:00,138.06,1.31,1.4
02/08/2019 16:00:00,136.9,-0.84,-0.8
05/08/2019 16:00:00,132.21,-3.43,-3.4
06/08/2019 16:00:00,134.69,1.88,1.8
07/08/2019 16:00:00,135.28,0.44,0.4
08/08/2019 16:00:00,138.89,2.67,2.6
09/08/2019 16:00:00,137.71,-0.85,-0.8
12/08/2019 16:00:00,135.79,-1.39,-1.4
13/08/2019 16:00:00,138.6,2.07,2
14/08/2019 16:00:00,133.98,-3.33,-3.4
15/08/2019 16:00:00,133.68,-0.22,-0.2
16/08/2019 16:00:00,136.13,1.83,1.8
19/08/2019 16:00:00,138.41,1.67,1.6
20/08/2019 16:00:00,137.26,-0.83,-0.8
21/08/2019 16:00:00,138.79,1.11,1.2
22/08/2019 16:00:00,137.78,-0.73,-0.8
23/08/2019 16:00:00,133.39,-3.19,-3.2
26/08/2019 16:00:00,135.45,1.54,1.6
27/08/2019 16:00:00,135.74,0.21,0.2
28/08/2019 16:00:00,135.56,-0.13,-0.2
29/08/2019 16:00:00,138.12,1.89,1.8
30/08/2019 16:00:00,137.86,-0.19,-0.2
03/09/2019 16:00:00,136.04,-1.32,-1.4
04/09/2019 16:00:00,137.63,1.17,1.2
05/09/2019 16:00:00,140.05,1.76,1.8
06/09/2019 16:00:00,139.1,-0.68,-0.6
09/09/2019 16:00:00,137.52,-1.14,-1.2
10/09/2019 16:00:00,136.08,-1.05,-1
11/09/2019 16:00:00,136.12,0.03,0
12/09/2019 16:00:00,137.52,1.03,1
13/09/2019 16:00:00,137.32,-0.15,-0.2
16/09/2019 16:00:00,136.33,-0.72,-0.8
17/09/2019 16:00:00,137.39,0.78,0.8
18/09/2019 16:00:00,138.52,0.82,0.8
19/09/2019 16:00:00,141.07,1.84,1.8
20/09/2019 16:00:00,139.44,-1.16,-1.2
23/09/2019 16:00:00,139.14,-0.22,-0.2
24/09/2019 16:00:00,137.38,-1.26,-1.2
25/09/2019 16:00:00,139.36,1.44,1.4
26/09/2019 16:00:00,139.54,0.13,0.2
27/09/2019 16:00:00,137.73,-1.3,-1.2
30/09/2019 16:00:00,139.03,0.94,1
01/10/2019 16:00:00,137.07,-1.41,-1.4
02/10/2019 16:00:00,134.65,-1.77,-1.8
03/10/2019 16:00:00,136.28,1.21,1.2
04/10/2019 16:00:00,138.12,1.35,1.4
07/10/2019 16:00:00,137.12,-0.72,-0.8
08/10/2019 16:00:00,135.67,-1.06,-1
09/10/2019 16:00:00,138.24,1.89,1.8
10/10/2019 16:00:00,139.1,0.62,0.6
11/10/2019 16:00:00,139.68,0.42,0.4
14/10/2019 16:00:00,139.55,-0.09,0
15/10/2019 16:00:00,141.57,1.45,1.4
16/10/2019 16:00:00,140.41,-0.82,-0.8
17/10/2019 16:00:00,139.69,-0.51,-0.6
18/10/2019 16:00:00,137.41,-1.63,-1.6
21/10/2019 16:00:00,138.43,0.74,0.8
22/10/2019 16:00:00,136.37,-1.49,-1.4
23/10/2019 16:00:00,137.24,0.64,0.6
24/10/2019 16:00:00,139.94,1.97,2
25/10/2019 16:00:00,140.73,0.56,0.6
28/10/2019 16:00:00,144.19,2.46,2.4
29/10/2019 16:00:00,142.83,-0.94,-1
30/10/2019 16:00:00,144.61,1.25,1.2
31/10/2019 16:00:00,143.37,-0.86,-0.8
01/11/2019 16:00:00,143.72,0.24,0.2
04/11/2019 16:00:00,144.55,0.58,0.6
05/11/2019 16:00:00,144.46,-0.06,0
06/11/2019 16:00:00,144.06,-0.28,-0.2
07/11/2019 16:00:00,144.26,0.14,0.2
08/11/2019 16:00:00,145.96,1.18,1.2
11/11/2019 16:00:00,146.11,0.1,0.2
12/11/2019 16:00:00,147.07,0.66,0.6
13/11/2019 16:00:00,147.31,0.16,0.2
14/11/2019 16:00:00,148.06,0.51,0.6
15/11/2019 16:00:00,149.97,1.29,1.2
18/11/2019 16:00:00,150.34,0.25,0.2
19/11/2019 16:00:00,150.39,0.03,0
20/11/2019 16:00:00,149.62,-0.51,-0.6
21/11/2019 16:00:00,149.48,-0.09,0
22/11/2019 16:00:00,149.59,0.07,0
25/11/2019 16:00:00,151.23,1.1,1
26/11/2019 16:00:00,152.03,0.53,0.6
27/11/2019 16:00:00,152.32,0.19,0.2
29/11/2019 13:00:00,151.38,-0.62,-0.6
02/12/2019 16:00:00,149.55,-1.21,-1.2
03/12/2019 16:00:00,149.31,-0.16,-0.2
04/12/2019 16:00:00,149.85,0.36,0.4
05/12/2019 16:00:00,149.93,0.05,0
06/12/2019 16:00:00,151.75,1.21,1.2
09/12/2019 16:00:00,151.75,0,0
10/12/2019 16:00:00,151.13,-0.41,-0.4
11/12/2019 16:00:00,151.7,0.38,0.4
12/12/2019 16:00:00,153.24,1.02,1
13/12/2019 16:00:00,154.53,0.84,0.8
16/12/2019 16:00:00,155.53,0.65,0.6
17/12/2019 16:00:00,154.69,-0.54,-0.6
18/12/2019 16:00:00,154.37,-0.21,-0.2
19/12/2019 16:00:00,155.71,0.87,0.8
20/12/2019 16:00:00,157.41,1.09,1
23/12/2019 16:00:00,157.41,0,0
24/12/2019 13:00:00,157.38,-0.02,0
26/12/2019 16:00:00,158.67,0.82,0.8
27/12/2019 16:00:00,158.96,0.18,0.2
30/12/2019 16:00:00,157.59,-0.86,-0.8
31/12/2019 16:00:00,157.7,0.07,0
02/01/2020 16:00:00,160.62,1.85,1.8
03/01/2020 16:00:00,158.62,-1.25,-1.2
06/01/2020 16:00:00,159.03,0.26,0.2
07/01/2020 16:00:00,157.58,-0.91,-1
08/01/2020 16:00:00,160.09,1.59,1.6
09/01/2020 16:00:00,162.09,1.25,1.2
10/01/2020 16:00:00,161.34,-0.46,-0.4
13/01/2020 16:00:00,163.28,1.2,1.2
14/01/2020 16:00:00,162.13,-0.7,-0.8
15/01/2020 16:00:00,163.18,0.65,0.6
16/01/2020 16:00:00,166.17,1.83,1.8
17/01/2020 16:00:00,167.1,0.56,0.6
21/01/2020 16:00:00,166.5,-0.36,-0.4
22/01/2020 16:00:00,165.7,-0.48,-0.4
23/01/2020 16:00:00,166.72,0.62,0.6
24/01/2020 16:00:00,165.04,-1.01,-1
27/01/2020 16:00:00,162.28,-1.67,-1.6
28/01/2020 16:00:00,165.46,1.96,2
29/01/2020 16:00:00,168.04,1.56,1.6
30/01/2020 16:00:00,172.78,2.82,2.8
31/01/2020 16:00:00,170.23,-1.48,-1.4
03/02/2020 16:00:00,174.38,2.44,2.4
04/02/2020 16:00:00,180.12,3.29,3.2
05/02/2020 16:00:00,179.9,-0.12,-0.2
06/02/2020 16:00:00,183.63,2.07,2
07/02/2020 16:00:00,183.89,0.14,0.2
10/02/2020 16:00:00,188.7,2.62,2.6
11/02/2020 16:00:00,184.44,-2.26,-2.2
12/02/2020 16:00:00,184.71,0.15,0.2
13/02/2020 16:00:00,183.71,-0.54,-0.6
14/02/2020 16:00:00,185.35,0.89,0.8
18/02/2020 16:00:00,187.23,1.01,1
19/02/2020 16:00:00,187.28,0.03,0
20/02/2020 16:00:00,184.42,-1.53,-1.6
21/02/2020 16:00:00,178.59,-3.16,-3.2
24/02/2020 16:00:00,170.89,-4.31,-4.4
25/02/2020 16:00:00,168.07,-1.65,-1.6
26/02/2020 16:00:00,170.17,1.25,1.2
27/02/2020 16:00:00,158.18,-7.05,-7
28/02/2020 16:00:00,162.01,2.42,2.4
02/03/2020 16:00:00,172.79,6.65,6.6
03/03/2020 16:00:00,164.51,-4.79,-4.8
04/03/2020 16:00:00,170.55,3.67,3.6
05/03/2020 16:00:00,166.27,-2.51,-2.6
06/03/2020 16:00:00,161.57,-2.83,-2.8
09/03/2020 16:00:00,150.62,-6.78,-6.8
10/03/2020 16:00:00,160.92,6.84,6.8
11/03/2020 16:00:00,153.63,-4.53,-4.6
12/03/2020 16:00:00,139.06,-9.48,-9.4
13/03/2020 16:00:00,158.83,14.22,14.2
16/03/2020 16:00:00,135.42,-14.74,-14.8
17/03/2020 16:00:00,146.57,8.23,8.2
18/03/2020 16:00:00,140.4,-4.21,-4.2
19/03/2020 16:00:00,142.71,1.65,1.6
20/03/2020 16:00:00,137.35,-3.76,-3.8
23/03/2020 16:00:00,135.98,-1,-1
24/03/2020 16:00:00,148.34,9.09,9
25/03/2020 16:00:00,146.92,-0.96,-1
26/03/2020 16:00:00,156.11,6.26,6.2
27/03/2020 16:00:00,149.7,-4.11,-4.2
30/03/2020 16:00:00,160.23,7.03,7
31/03/2020 16:00:00,157.71,-1.57,-1.6
01/04/2020 16:00:00,152.11,-3.55,-3.6
02/04/2020 16:00:00,155.26,2.07,2
03/04/2020 16:00:00,153.83,-0.92,-1
06/04/2020 16:00:00,165.27,7.44,7.4
07/04/2020 16:00:00,163.49,-1.08,-1
08/04/2020 16:00:00,165.13,1,1
09/04/2020 16:00:00,165.14,0.01,0
13/04/2020 16:00:00,165.51,0.22,0.2
14/04/2020 16:00:00,173.7,4.95,5
15/04/2020 16:00:00,171.88,-1.05,-1
16/04/2020 16:00:00,177.04,3,3
17/04/2020 16:00:00,178.6,0.88,0.8
20/04/2020 16:00:00,175.06,-1.98,-2
21/04/2020 16:00:00,167.82,-4.14,-4.2
22/04/2020 16:00:00,173.52,3.4,3.4
23/04/2020 16:00:00,171.42,-1.21,-1.2
24/04/2020 16:00:00,174.55,1.83,1.8
27/04/2020 16:00:00,174.05,-0.29,-0.2
28/04/2020 16:00:00,169.81,-2.44,-2.4
29/04/2020 16:00:00,177.43,4.49,4.4
30/04/2020 16:00:00,179.21,1,1
01/05/2020 16:00:00,174.57,-2.59,-2.6
04/05/2020 16:00:00,178.84,2.45,2.4
05/05/2020 16:00:00,180.76,1.07,1
06/05/2020 16:00:00,182.54,0.98,1
07/05/2020 16:00:00,183.6,0.58,0.6
08/05/2020 16:00:00,184.68,0.59,0.6
11/05/2020 16:00:00,186.74,1.12,1.2
12/05/2020 16:00:00,182.51,-2.27,-2.2
13/05/2020 16:00:00,179.75,-1.51,-1.6
14/05/2020 16:00:00,180.53,0.43,0.4
15/05/2020 16:00:00,183.16,1.46,1.4
18/05/2020 16:00:00,184.91,0.96,1
19/05/2020 16:00:00,183.63,-0.69,-0.6
20/05/2020 16:00:00,185.66,1.11,1.2
21/05/2020 16:00:00,183.43,-1.2,-1.2
22/05/2020 16:00:00,183.51,0.04,0
26/05/2020 16:00:00,181.57,-1.06,-1
27/05/2020 16:00:00,181.81,0.13,0.2
28/05/2020 16:00:00,181.4,-0.23,-0.2
29/05/2020 16:00:00,183.25,1.02,1
01/06/2020 16:00:00,182.83,-0.23,-0.2
02/06/2020 16:00:00,184.91,1.14,1.2
03/06/2020 16:00:00,185.36,0.24,0.2
04/06/2020 16:00:00,182.92,-1.32,-1.4
05/06/2020 16:00:00,187.2,2.34,2.4
08/06/2020 16:00:00,188.36,0.62,0.6
09/06/2020 16:00:00,189.8,0.76,0.8
10/06/2020 16:00:00,196.84,3.71,3.8
11/06/2020 16:00:00,186.27,-5.37,-5.4
12/06/2020 16:00:00,187.74,0.79,0.8
15/06/2020 16:00:00,187.74,0,0
16/06/2020 16:00:00,193.57,3.11,3.2
17/06/2020 16:00:00,194.24,0.35,0.4
18/06/2020 16:00:00,196.32,1.07,1
19/06/2020 16:00:00,195.15,-0.6,-0.6